{"cameraMode":{"drawMode":0,"name":"Shaded","section":"Shading Mode"},"sceneLighting":false,"audioPlay":false,"sceneViewState":{"showFog":false,"showMaterialUpdate":false,"showSkybox":false,"showFlares":false,"showImageEffects":false,"showParticleSystems":false},"in2DMode":false,"pivot":{"x":3.6499557495117189,"y":-4.3387346267700199,"z":-6.591314315795898},"rotation":{"x":0.07481282204389572,"y":0.8835459351539612,"z":-0.1512036919593811,"w":0.4369719624519348},"size":24.006784439086915,"orthographic":false}