{"cameraMode":{"drawMode":0,"name":"Shaded","section":"Shading Mode"},"sceneLighting":false,"audioPlay":false,"sceneViewState":{"showFog":false,"showMaterialUpdate":false,"showSkybox":false,"showFlares":false,"showImageEffects":false,"showParticleSystems":false},"in2DMode":false,"pivot":{"x":-0.019979536533355714,"y":0.10333433747291565,"z":0.04616844654083252},"rotation":{"x":0.09690786898136139,"y":0.41875502467155459,"z":-0.04291067644953728,"w":0.9019452333450317},"size":2.5528461933135988,"orthographic":false}