{"cameraMode":{"drawMode":0,"name":"Shaded","section":"Shading Mode"},"sceneLighting":false,"audioPlay":false,"sceneViewState":{"showFog":false,"showMaterialUpdate":false,"showSkybox":false,"showFlares":false,"showImageEffects":false,"showParticleSystems":false},"in2DMode":false,"pivot":{"x":-1.7066290378570557,"y":0.2467583566904068,"z":-0.0007191896438598633},"rotation":{"x":-0.641330897808075,"y":-0.07965274900197983,"z":0.06720197200775147,"w":-0.7601654529571533},"size":2.5528461933135988,"orthographic":false}