{"cameraMode":{"drawMode":0,"name":"Shaded","section":"Shading Mode"},"sceneLighting":true,"audioPlay":false,"sceneViewState":{"showFog":false,"showMaterialUpdate":false,"showSkybox":false,"showFlares":false,"showImageEffects":false,"showParticleSystems":false},"in2DMode":false,"pivot":{"x":5.659998893737793,"y":3.578287124633789,"z":2.384185791015625e-7},"rotation":{"x":-0.19220294058322907,"y":0.26505303382873537,"z":-0.054066307842731479,"w":-0.9433759450912476},"size":22.78238296508789,"orthographic":false}