{"cameraMode":{"drawMode":0,"name":"Shaded","section":"Shading Mode"},"sceneLighting":true,"audioPlay":false,"sceneViewState":{"showFog":false,"showMaterialUpdate":false,"showSkybox":false,"showFlares":false,"showImageEffects":false,"showParticleSystems":false},"in2DMode":false,"pivot":{"x":0.3841172456741333,"y":0.10333433747291565,"z":-0.08821457624435425},"rotation":{"x":0.24611608684062959,"y":0.25789812207221987,"z":-0.06609934568405152,"w":0.9320082068443298},"size":2.5528461933135988,"orthographic":false}