{"cameraMode":{"drawMode":0,"name":"Shaded","section":"Shading Mode"},"sceneLighting":false,"audioPlay":false,"sceneViewState":{"showFog":false,"showMaterialUpdate":false,"showSkybox":false,"showFlares":false,"showImageEffects":false,"showParticleSystems":false},"in2DMode":false,"pivot":{"x":550.59326171875,"y":352.2301025390625,"z":48.54819869995117},"rotation":{"x":-0.1495862901210785,"y":0.8444912433624268,"z":-0.3052137494087219,"w":-0.4138881266117096},"size":9.946821212768555,"orthographic":false}