{"cameraMode":{"drawMode":0,"name":"Shaded","section":"Shading Mode"},"sceneLighting":false,"audioPlay":false,"sceneViewState":{"showFog":false,"showMaterialUpdate":false,"showSkybox":false,"showFlares":false,"showImageEffects":false,"showParticleSystems":false},"in2DMode":false,"pivot":{"x":-17.81599998474121,"y":31.33118438720703,"z":-46.29800033569336},"rotation":{"x":-0.10222816467285156,"y":0.6945427060127258,"z":-0.10072237998247147,"w":-0.7050291895866394},"size":15.221227645874024,"orthographic":false}