{"cameraMode":{"drawMode":0,"name":"Shaded","section":"Shading Mode"},"sceneLighting":false,"audioPlay":false,"sceneViewState":{"showFog":false,"showMaterialUpdate":false,"showSkybox":false,"showFlares":false,"showImageEffects":false,"showParticleSystems":false},"in2DMode":false,"pivot":{"x":-0.08540385961532593,"y":1.1393671035766602,"z":-0.08071565628051758},"rotation":{"x":-0.28690019249916079,"y":-0.012068184092640877,"z":0.0035971023607999088,"w":-0.957904577255249},"size":7.894128322601318,"orthographic":false}