{"cameraMode":{"drawMode":0,"name":"Shaded","section":"Shading Mode"},"sceneLighting":false,"audioPlay":false,"sceneViewState":{"showFog":false,"showMaterialUpdate":false,"showSkybox":false,"showFlares":false,"showImageEffects":false,"showParticleSystems":false},"in2DMode":false,"pivot":{"x":2.5190348625183107,"y":11.993064880371094,"z":-8.073318481445313},"rotation":{"x":0.4899645745754242,"y":0.23508721590042115,"z":-0.1368374079465866,"w":0.8282723426818848},"size":2.8578836917877199,"orthographic":false}