{"cameraMode":{"drawMode":0,"name":"Shaded","section":"Shading Mode"},"sceneLighting":true,"audioPlay":false,"sceneViewState":{"showFog":false,"showMaterialUpdate":false,"showSkybox":false,"showFlares":false,"showImageEffects":false,"showParticleSystems":false},"in2DMode":false,"pivot":{"x":0.3299999237060547,"y":1.0,"z":0.09798860549926758},"rotation":{"x":0.261404424905777,"y":-0.45343858003616335,"z":0.14323772490024568,"w":0.8399980068206787},"size":23.334524154663087,"orthographic":false}