{"cameraMode":{"drawMode":0,"name":"Shaded","section":"Shading Mode"},"sceneLighting":true,"audioPlay":false,"sceneViewState":{"showFog":false,"showMaterialUpdate":false,"showSkybox":false,"showFlares":false,"showImageEffects":false,"showParticleSystems":false},"in2DMode":false,"pivot":{"x":16.578554153442384,"y":13.277902603149414,"z":5.172874450683594},"rotation":{"x":-0.04200977459549904,"y":0.3386825919151306,"z":0.017109256237745286,"w":0.9398404955863953},"size":43.857879638671878,"orthographic":false}