{"cameraMode":{"drawMode":0,"name":"Shaded","section":"Shading Mode"},"sceneLighting":false,"audioPlay":false,"sceneViewState":{"showFog":false,"showMaterialUpdate":false,"showSkybox":false,"showFlares":false,"showImageEffects":false,"showParticleSystems":false},"in2DMode":false,"pivot":{"x":0.05516767501831055,"y":1.3107423782348633,"z":-0.8909969329833984},"rotation":{"x":-0.19220294058322907,"y":0.26505303382873537,"z":-0.054066307842731479,"w":-0.9433759450912476},"size":10.604687690734864,"orthographic":false}